model,model_display,confidence_measure,threshold,n_metabolites,spearman_mean,spearman_median
gnn,Simplified GNN,train_r2,0.05,117,-0.0316409169484154,-0.03940059227454801
gnn,Simplified GNN,train_r2,0.1,235,-0.027498457198588316,-0.03933958933020136
gnn,Simplified GNN,train_r2,0.25,589,-0.023776159474827113,-0.034647086144394997
gnn,Simplified GNN,train_r2,0.5,1179,-0.021883191036441305,-0.0326093680778805
gnn,Simplified GNN,train_r2,0.75,1769,0.014455019860782261,0.026495554419398895
gnn,Simplified GNN,train_r2,0.9,2123,0.011431397532545892,0.02185061266735839
gnn,Simplified GNN,train_r2,1.0,2359,0.007888224357404673,0.01333364956451617
gnn,Simplified GNN,max_gene_corr,0.05,117,0.09880734981087158,0.1062499327092477
gnn,Simplified GNN,max_gene_corr,0.1,235,0.10202350212575216,0.10675808512712698
gnn,Simplified GNN,max_gene_corr,0.25,589,0.1037578616869878,0.10693340488183745
gnn,Simplified GNN,max_gene_corr,0.5,1179,0.029762037811872578,0.09106516780562081
gnn,Simplified GNN,max_gene_corr,0.75,1769,0.006505372201232013,-0.013760638608784221
gnn,Simplified GNN,max_gene_corr,0.9,2123,0.008822994498768541,0.012385290516607339
gnn,Simplified GNN,max_gene_corr,1.0,2359,0.007888224357404668,0.01333364956451617
gnn,Simplified GNN,obs_rate,0.05,117,0.06709568092147729,0.06311249724670341
gnn,Simplified GNN,obs_rate,0.1,235,0.04829587174228144,0.03405314697028115
gnn,Simplified GNN,obs_rate,0.25,589,0.015748586505406302,0.021616164441988744
gnn,Simplified GNN,obs_rate,0.5,1179,-0.009637974164488146,-0.02987380788544247
gnn,Simplified GNN,obs_rate,0.75,1769,0.028998073740181974,0.05205914937246067
gnn,Simplified GNN,obs_rate,0.9,2123,0.02245170899073506,0.027812876607001175
gnn,Simplified GNN,obs_rate,1.0,2359,0.007888224357404668,0.01333364956451617
gnn,Simplified GNN,coef_var,0.05,117,-0.013375811482521247,0.011075198217386695
gnn,Simplified GNN,coef_var,0.1,235,0.0038242897135651707,0.01703580647202238
gnn,Simplified GNN,coef_var,0.25,589,0.024483836688272483,0.038152425079287886
gnn,Simplified GNN,coef_var,0.5,1179,-0.00468733622859359,-0.019213326712935432
gnn,Simplified GNN,coef_var,0.75,1769,-0.00897868046729745,-0.02646173654731991
gnn,Simplified GNN,coef_var,0.9,2123,-0.00016956095053302558,-0.010018091097516465
gnn,Simplified GNN,coef_var,1.0,2359,0.00788822435740467,0.01333364956451617
kernel_mkl,Kernel MKL,train_r2,0.05,117,0.03638911029325964,0.05098451851169611
kernel_mkl,Kernel MKL,train_r2,0.1,235,0.016716900699833247,0.038833825338257695
kernel_mkl,Kernel MKL,train_r2,0.25,589,0.044183475881893544,0.05415605385109851
kernel_mkl,Kernel MKL,train_r2,0.5,1179,0.040745314463641394,0.07270667279507079
kernel_mkl,Kernel MKL,train_r2,0.75,1769,0.03365891863312452,0.060942067330803734
kernel_mkl,Kernel MKL,train_r2,0.9,2123,0.022182389716498406,0.02741791434611093
kernel_mkl,Kernel MKL,train_r2,1.0,2359,0.01119820338928369,0.017655449043259105
kernel_mkl,Kernel MKL,max_gene_corr,0.05,117,0.0980603534330914,0.09960388524325904
kernel_mkl,Kernel MKL,max_gene_corr,0.1,235,0.09878851943322013,0.09896429047564824
kernel_mkl,Kernel MKL,max_gene_corr,0.25,589,0.09862355246958793,0.10070315657647431
kernel_mkl,Kernel MKL,max_gene_corr,0.5,1179,0.030127354349786493,0.08963380151320523
kernel_mkl,Kernel MKL,max_gene_corr,0.75,1769,0.007654559053295725,0.0006562266256064119
kernel_mkl,Kernel MKL,max_gene_corr,0.9,2123,0.011615052126649702,0.015482406561057191
kernel_mkl,Kernel MKL,max_gene_corr,1.0,2359,0.011198203389283692,0.017655449043259105
kernel_mkl,Kernel MKL,obs_rate,0.05,117,0.08587377682991702,0.07920342997476462
kernel_mkl,Kernel MKL,obs_rate,0.1,235,0.0650299841172323,0.04679530647098464
kernel_mkl,Kernel MKL,obs_rate,0.25,589,0.02781259521172111,0.0343991464775716
kernel_mkl,Kernel MKL,obs_rate,0.5,1179,-0.00029036901270615135,-0.017559016903713018
kernel_mkl,Kernel MKL,obs_rate,0.75,1769,0.0327886728195751,0.060429461190477575
kernel_mkl,Kernel MKL,obs_rate,0.9,2123,0.026488096852293714,0.028011128770112432
kernel_mkl,Kernel MKL,obs_rate,1.0,2359,0.011198203389283687,0.017655449043259105
kernel_mkl,Kernel MKL,coef_var,0.05,117,0.002704643424871076,0.024335510834127952
kernel_mkl,Kernel MKL,coef_var,0.1,235,0.011937120232416687,0.031432554066901396
kernel_mkl,Kernel MKL,coef_var,0.25,589,0.03422368996611538,0.04679530647098464
kernel_mkl,Kernel MKL,coef_var,0.5,1179,0.0030713099281593245,-0.003844011261330587
kernel_mkl,Kernel MKL,coef_var,0.75,1769,-0.003233671807074897,-0.010600768191696235
kernel_mkl,Kernel MKL,coef_var,0.9,2123,0.004241942095703591,0.002274441689668889
kernel_mkl,Kernel MKL,coef_var,1.0,2359,0.011198203389283689,0.017655449043259105
lasso,Lasso,train_r2,0.05,117,-0.13596753722368152,-0.1349607674698591
lasso,Lasso,train_r2,0.1,235,-0.13443438025985266,-0.13394726252586553
lasso,Lasso,train_r2,0.25,587,-0.010033815592159106,0.02005878559708485
lasso,Lasso,train_r2,0.5,1175,0.029653131745768814,0.0982338407598632
lasso,Lasso,train_r2,0.75,1762,0.016071084132271016,0.01987445049647268
lasso,Lasso,train_r2,0.9,2115,0.01595516508821431,0.01750164312152485
lasso,Lasso,train_r2,1.0,2350,0.018815290051581127,0.0222663104747243
lasso,Lasso,max_gene_corr,0.05,117,0.11350409451399061,0.11510550435442188
lasso,Lasso,max_gene_corr,0.1,235,0.11432885674881706,0.11519811088437844
lasso,Lasso,max_gene_corr,0.25,587,0.1125886728047145,0.1149502687476076
lasso,Lasso,max_gene_corr,0.5,1175,0.04285221084015405,0.0962008158864347
lasso,Lasso,max_gene_corr,0.75,1762,0.01800290919306462,0.011224409214534782
lasso,Lasso,max_gene_corr,0.9,2115,0.020004127438289963,0.020629040408922838
lasso,Lasso,max_gene_corr,1.0,2350,0.018815290051581137,0.0222663104747243
lasso,Lasso,obs_rate,0.05,117,0.08046485485482861,0.07361489060413336
lasso,Lasso,obs_rate,0.1,235,0.061782008750198895,0.04221202004622661
lasso,Lasso,obs_rate,0.25,587,0.03307384909448439,0.0392504827198984
lasso,Lasso,obs_rate,0.5,1175,0.007747785362765627,-0.00972007344334574
lasso,Lasso,obs_rate,0.75,1762,0.041961923140210966,0.06232257624489217
lasso,Lasso,obs_rate,0.9,2115,0.03595049815077884,0.0334915366324971
lasso,Lasso,obs_rate,1.0,2350,0.018815290051581137,0.0222663104747243
lasso,Lasso,coef_var,0.05,117,0.0015174741864712109,0.025572796980956162
lasso,Lasso,coef_var,0.1,235,0.0120078894839607,0.02996797643197995
lasso,Lasso,coef_var,0.25,587,0.03602455953590552,0.04596090284534648
lasso,Lasso,coef_var,0.5,1175,0.008391579345508429,0.0021779488523873476
lasso,Lasso,coef_var,0.75,1762,0.0029799147987408696,-7.054720742197258e-06
lasso,Lasso,coef_var,0.9,2115,0.01087103708609211,0.008245117527451775
lasso,Lasso,coef_var,1.0,2350,0.01881529005158113,0.0222663104747243
mirth,MIRTH,train_r2,0.05,117,0.05183205558209406,0.06841063534302705
mirth,MIRTH,train_r2,0.1,235,0.019943664173956092,0.022045603878824736
mirth,MIRTH,train_r2,0.25,589,0.014851957607800384,0.01997900208559306
mirth,MIRTH,train_r2,0.5,1179,0.040420458925831806,0.07135304924448149
mirth,MIRTH,train_r2,0.75,1769,0.034053159443989914,0.06527780217381894
mirth,MIRTH,train_r2,0.9,2123,0.02168026863496367,0.026975434686053075
mirth,MIRTH,train_r2,1.0,2359,0.01104324488740145,0.017545111937376977
mirth,MIRTH,max_gene_corr,0.05,117,0.09855307110789714,0.09994417345974686
mirth,MIRTH,max_gene_corr,0.1,235,0.0990293817651866,0.09945966721956404
mirth,MIRTH,max_gene_corr,0.25,589,0.09818087777077848,0.09982490544830985
mirth,MIRTH,max_gene_corr,0.5,1179,0.029995936850110195,0.08933818531759308
mirth,MIRTH,max_gene_corr,0.75,1769,0.007592499181607435,-0.0005982780988182868
mirth,MIRTH,max_gene_corr,0.9,2123,0.011471568885406947,0.015872092262824093
mirth,MIRTH,max_gene_corr,1.0,2359,0.011043244887401446,0.017545111937376977
mirth,MIRTH,obs_rate,0.05,117,0.08554826104082525,0.08036353796522586
mirth,MIRTH,obs_rate,0.1,235,0.06462824183160423,0.046446535797665424
mirth,MIRTH,obs_rate,0.25,589,0.027658993120428698,0.03439731777441067
mirth,MIRTH,obs_rate,0.5,1179,-0.00039539729881174403,-0.016633762078625484
mirth,MIRTH,obs_rate,0.75,1769,0.032577527841168574,0.059157553343924564
mirth,MIRTH,obs_rate,0.9,2123,0.026332065313679466,0.028482918612767406
mirth,MIRTH,obs_rate,1.0,2359,0.011043244887401448,0.017545111937376977
mirth,MIRTH,coef_var,0.05,117,0.0024272733794386127,0.024700970673702496
mirth,MIRTH,coef_var,0.1,235,0.011699914796971987,0.031146910873888316
mirth,MIRTH,coef_var,0.25,589,0.0338996667113523,0.046459114427110745
mirth,MIRTH,coef_var,0.5,1179,0.0028522186187914834,-0.003797515717180429
mirth,MIRTH,coef_var,0.75,1769,-0.003375875993506122,-0.009376161340625128
mirth,MIRTH,coef_var,0.9,2123,0.004064213829120008,0.003018567107646451
mirth,MIRTH,coef_var,1.0,2359,0.011043244887401445,0.017545111937376977
ridge,Ridge,train_r2,0.05,117,0.022797221162658296,0.05491144542277779
ridge,Ridge,train_r2,0.1,235,0.03197240029736014,0.061919128962621514
ridge,Ridge,train_r2,0.25,587,0.051399614489687266,0.10432772748906828
ridge,Ridge,train_r2,0.5,1175,0.0514849786694835,0.0960547259432777
ridge,Ridge,train_r2,0.75,1762,0.03913373934865927,0.060450715050322595
ridge,Ridge,train_r2,0.9,2115,0.023398144174136923,0.0301440071749706
ridge,Ridge,train_r2,1.0,2350,0.015373996491034988,0.01974664877703207
ridge,Ridge,max_gene_corr,0.05,117,0.10843716016520716,0.10950239479559735
ridge,Ridge,max_gene_corr,0.1,235,0.10766167214951403,0.10851174827459216
ridge,Ridge,max_gene_corr,0.25,587,0.10833878567196827,0.1102109564245301
ridge,Ridge,max_gene_corr,0.5,1175,0.03808011912693118,0.09269632860732903
ridge,Ridge,max_gene_corr,0.75,1762,0.013273831689445528,0.004669384130690927
ridge,Ridge,max_gene_corr,0.9,2115,0.01641020848822056,0.018676838943250163
ridge,Ridge,max_gene_corr,1.0,2350,0.015373996491034988,0.01974664877703207
ridge,Ridge,obs_rate,0.05,117,0.08799738486520726,0.09370835916256172
ridge,Ridge,obs_rate,0.1,235,0.06508073420303079,0.04516730973915506
ridge,Ridge,obs_rate,0.25,587,0.0313419274144952,0.03624846431590369
ridge,Ridge,obs_rate,0.5,1175,0.004344183746606051,-0.0123634266837527
ridge,Ridge,obs_rate,0.75,1762,0.038399648193684674,0.05813107979708644
ridge,Ridge,obs_rate,0.9,2115,0.03236550235091041,0.030837020953660886
ridge,Ridge,obs_rate,1.0,2350,0.015373996491034988,0.01974664877703207
ridge,Ridge,coef_var,0.05,117,0.0009455944536855328,0.018645000445646976
ridge,Ridge,coef_var,0.1,235,0.010439612801012927,0.02782445522190757
ridge,Ridge,coef_var,0.25,587,0.03581167005332485,0.04729612394988311
ridge,Ridge,coef_var,0.5,1175,0.006312832640078531,-0.00032048059428894184
ridge,Ridge,coef_var,0.75,1762,0.0002631726811832126,-0.0074024408711257
ridge,Ridge,coef_var,0.9,2115,0.007932462644684043,0.006006789130543447
ridge,Ridge,coef_var,1.0,2350,0.015373996491034988,0.01974664877703207
unigraph,UniGraph,train_r2,0.05,117,-0.0344767905055622,-0.04052193315280333
unigraph,UniGraph,train_r2,0.1,235,-0.030651744766425047,-0.03732916119586033
unigraph,UniGraph,train_r2,0.25,589,-0.02644396168476472,-0.03732916119586033
unigraph,UniGraph,train_r2,0.5,1179,-0.024336164278323094,-0.03484776234115006
unigraph,UniGraph,train_r2,0.75,1769,0.012911384481861419,0.021934575959490048
unigraph,UniGraph,train_r2,0.9,2123,0.010125844197513558,0.018751496094856806
unigraph,UniGraph,train_r2,1.0,2359,0.00656677545822243,0.012136258987613915
unigraph,UniGraph,max_gene_corr,0.05,117,0.09923543567166315,0.10704677911994377
unigraph,UniGraph,max_gene_corr,0.1,235,0.1032566446944696,0.10832944303770924
unigraph,UniGraph,max_gene_corr,0.25,589,0.10448738076069057,0.10844992142402203
unigraph,UniGraph,max_gene_corr,0.5,1179,0.028748981106674478,0.09547461300651756
unigraph,UniGraph,max_gene_corr,0.75,1769,0.005658856790492327,-0.011274195471072284
unigraph,UniGraph,max_gene_corr,0.9,2123,0.007753565416847529,0.01340756295065195
unigraph,UniGraph,max_gene_corr,1.0,2359,0.00656677545822243,0.012136258987613915
unigraph,UniGraph,obs_rate,0.05,117,0.06646856841554034,0.061906305000348195
unigraph,UniGraph,obs_rate,0.1,235,0.04420069861399664,0.0232035549238571
unigraph,UniGraph,obs_rate,0.25,589,0.012837354107642142,0.016857037159299208
unigraph,UniGraph,obs_rate,0.5,1179,-0.01220769434790552,-0.03187019329015012
unigraph,UniGraph,obs_rate,0.75,1769,0.027312814427533316,0.047080235070691236
unigraph,UniGraph,obs_rate,0.9,2123,0.020865995939988863,0.023454572423335703
unigraph,UniGraph,obs_rate,1.0,2359,0.006566775458222424,0.012136258987613915
unigraph,UniGraph,coef_var,0.05,117,-0.020434025132150303,-0.004514451884045996
unigraph,UniGraph,coef_var,0.1,235,0.0005897123563074462,0.01350331725847325
unigraph,UniGraph,coef_var,0.25,589,0.02153309693824856,0.0298701085340854
unigraph,UniGraph,coef_var,0.5,1179,-0.006986473777255941,-0.0186608925588485
unigraph,UniGraph,coef_var,0.75,1769,-0.01088087299931147,-0.02760186253345417
unigraph,UniGraph,coef_var,0.9,2123,-0.0017325794832190977,-0.011213173931759392
unigraph,UniGraph,coef_var,1.0,2359,0.006566775458222426,0.012136258987613915
unigraph,UniGraph,posterior_var,0.05,117,-0.0679171446754428,-0.11296592939689874
unigraph,UniGraph,posterior_var,0.1,235,-0.05897236471058088,-0.1121579716777552
unigraph,UniGraph,posterior_var,0.25,589,-0.024878185188108144,-0.03911273202022397
unigraph,UniGraph,posterior_var,0.5,1179,0.004893303857630944,0.017897753113827495
unigraph,UniGraph,posterior_var,0.75,1769,0.005597134195021732,0.014170785594055829
unigraph,UniGraph,posterior_var,0.9,2123,0.005300902582324535,0.010131864212645563
unigraph,UniGraph,posterior_var,1.0,2359,0.006566775458222428,0.012136258987613915
unitedmet,UnitedMet,train_r2,0.05,117,-0.03357665899445522,-0.03692936788006763
unitedmet,UnitedMet,train_r2,0.1,235,-0.028918576284671087,-0.03692936788006763
unitedmet,UnitedMet,train_r2,0.25,589,-0.025914232185122083,-0.03580487984159845
unitedmet,UnitedMet,train_r2,0.5,1179,-0.023332964298749256,-0.03339401478952037
unitedmet,UnitedMet,train_r2,0.75,1769,0.013450281811659064,0.022518019431727525
unitedmet,UnitedMet,train_r2,0.9,2123,0.010700184803622845,0.019385803253490565
unitedmet,UnitedMet,train_r2,1.0,2359,0.007074046335162115,0.012073954110334071
unitedmet,UnitedMet,max_gene_corr,0.05,117,0.09758577395793588,0.10426529927599228
unitedmet,UnitedMet,max_gene_corr,0.1,235,0.10220767535481975,0.10641109728267198
unitedmet,UnitedMet,max_gene_corr,0.25,589,0.10410367312519608,0.10758633585653019
unitedmet,UnitedMet,max_gene_corr,0.5,1179,0.028813371268982646,0.09419983668507854
unitedmet,UnitedMet,max_gene_corr,0.75,1769,0.005992250213241326,-0.010823888924545685
unitedmet,UnitedMet,max_gene_corr,0.9,2123,0.008145103352978104,0.012073954110334071
unitedmet,UnitedMet,max_gene_corr,1.0,2359,0.007074046335162115,0.012073954110334071
unitedmet,UnitedMet,obs_rate,0.05,117,0.06153654051685111,0.055007093133113416
unitedmet,UnitedMet,obs_rate,0.1,235,0.04425995384493109,0.02419995020922549
unitedmet,UnitedMet,obs_rate,0.25,589,0.013968202371717212,0.0172513161878467
unitedmet,UnitedMet,obs_rate,0.5,1179,-0.011287142413963882,-0.03105173076756369
unitedmet,UnitedMet,obs_rate,0.75,1769,0.027848641300845328,0.051117601187941425
unitedmet,UnitedMet,obs_rate,0.9,2123,0.021433824930255363,0.02419995020922549
unitedmet,UnitedMet,obs_rate,1.0,2359,0.007074046335162117,0.012073954110334071
unitedmet,UnitedMet,coef_var,0.05,117,-0.020765158095139964,-0.0017673937831283505
unitedmet,UnitedMet,coef_var,0.1,235,0.0020122269004043607,0.016458265446558734
unitedmet,UnitedMet,coef_var,0.25,589,0.0226116259106436,0.03354267412541232
unitedmet,UnitedMet,coef_var,0.5,1179,-0.005915627933598471,-0.01850132918493274
unitedmet,UnitedMet,coef_var,0.75,1769,-0.01000549715811097,-0.026949565860454584
unitedmet,UnitedMet,coef_var,0.9,2123,-0.001071228865974643,-0.008992634166106316
unitedmet,UnitedMet,coef_var,1.0,2359,0.007074046335162115,0.012073954110334071
xgboost,XGBoost,train_r2,0.05,117,-0.07484535686507568,-0.06203105893267222
xgboost,XGBoost,train_r2,0.1,235,-0.05693534606373099,-0.05127597417609949
xgboost,XGBoost,train_r2,0.25,587,-0.016719683560352052,-0.0153758651591581
xgboost,XGBoost,train_r2,0.5,1175,0.00965832465856626,0.018246609659716275
xgboost,XGBoost,train_r2,0.75,1762,0.014322854732808891,0.021013388062210245
xgboost,XGBoost,train_r2,0.9,2115,0.012772300540462515,0.015139180024622
xgboost,XGBoost,train_r2,1.0,2350,0.017217228153738866,0.021604103750792525
xgboost,XGBoost,max_gene_corr,0.05,117,0.10699936778970257,0.10811555652045658
xgboost,XGBoost,max_gene_corr,0.1,235,0.10806498604168571,0.10833638953356121
xgboost,XGBoost,max_gene_corr,0.25,587,0.10725611486994083,0.1093037039155577
xgboost,XGBoost,max_gene_corr,0.5,1175,0.03869612844357454,0.09540146616359418
xgboost,XGBoost,max_gene_corr,0.75,1762,0.014981322350889035,0.009302382877833495
xgboost,XGBoost,max_gene_corr,0.9,2115,0.018032292919837142,0.018711575674695766
xgboost,XGBoost,max_gene_corr,1.0,2350,0.017217228153738866,0.021604103750792525
xgboost,XGBoost,obs_rate,0.05,117,0.08988682593994606,0.09744577479421325
xgboost,XGBoost,obs_rate,0.1,235,0.06778255599828453,0.04445520101046852
xgboost,XGBoost,obs_rate,0.25,587,0.035889831670169715,0.039167136821500664
xgboost,XGBoost,obs_rate,0.5,1175,0.008345394714731854,-0.0064127891027815475
xgboost,XGBoost,obs_rate,0.75,1762,0.04061522024087437,0.06865759435098769
xgboost,XGBoost,obs_rate,0.9,2115,0.03438854787843977,0.03224071946557573
xgboost,XGBoost,obs_rate,1.0,2350,0.017217228153738866,0.021604103750792525
xgboost,XGBoost,coef_var,0.05,117,0.0022875419555450473,0.021398105936610515
xgboost,XGBoost,coef_var,0.1,235,0.013946557108079053,0.031031149982763264
xgboost,XGBoost,coef_var,0.25,587,0.03984898394216907,0.05118085432299668
xgboost,XGBoost,coef_var,0.5,1175,0.009019626532312893,0.0010716570146096151
xgboost,XGBoost,coef_var,0.75,1762,0.0021858251622225164,-0.002027513690986139
xgboost,XGBoost,coef_var,0.9,2115,0.009714175279958473,0.009133438439489678
xgboost,XGBoost,coef_var,1.0,2350,0.017217228153738866,0.021604103750792525
