rank,metabolite,super_pathway,sub_pathway,rho_gnn,rho_kernel_mkl,rho_lasso,rho_mirth,rho_ridge,rho_unigraph,rho_unitedmet,rho_xgboost,obs_rate,max_gene_corr,coef_var,network_mapped
1,glucose,Carbohydrate,"Glycolysis, Gluconeogenesis, and Pyruvate Metabolism",0.23651215744579768,0.2510565444323334,0.263866300418605,0.24695257568698273,0.27867028697045254,0.27898266721331305,0.20441854440340584,0.2851034738687433,1.0,0.1917403805814466,4.391297140502973,1.0
2,guanosine 5'-diphospho-fucose,Nucleotide,"Purine Metabolism, Guanine containing",0.24265496347569843,0.24035724115847218,0.24875650514575634,0.24126862644156363,0.2520163979952932,0.23011524325700458,0.23951702847527787,0.2564292783007028,0.45156464681484904,0.5381579204784454,0.7949977172379622,0.0
3,maltose,Carbohydrate,"Fructose, mannose, galactose, starch, and sucrose metabolism",0.31148208419147966,0.289414853127967,0.24655074447839603,0.290460383175518,0.27252793583586726,0.3214346107439388,0.2020406891191362,0.2052483760219526,0.9515710671957059,0.16678385404290122,5.609517316268557,1.0
4,fructose-6-phosphate,Carbohydrate,"Glycolysis, Gluconeogenesis, and Pyruvate Metabolism",0.2859199344279742,0.24428127936965133,0.23823342878532142,0.24011480772135146,0.232827576460128,0.219940969885348,0.20520432184371812,0.23036437654195865,0.719898044351991,0.20596961517211435,3.465095166658106,0.0
5,1-arachidoylglycerophosphocholine,Lipid,Lysolipid,0.24687820003520716,0.23655136601108498,0.23793723053327245,0.23768420848249444,0.23534520912619283,0.2460589698624811,0.25825200089121036,0.23882864040222887,0.21596748719134018,0.4173205371895401,1.0738476968609467,0.0
6,glucose 6-phosphate,Carbohydrate,"Glycolysis, Gluconeogenesis, and Pyruvate Metabolism",0.2569291901767309,0.28827908041889133,0.23433222441169588,0.28962345340273304,0.2865484617848387,0.2324899173126847,0.15997003509718732,0.2679031475969818,1.0,0.16669155270568994,4.20852593464415,0.0
7,cysteinylglycine,Peptide,Dipeptide,0.19714633052290048,0.2222815142985029,0.2244324211588989,0.21832413939840012,0.20595698568209422,0.15460685517786313,0.1595540222722984,0.22238003865880496,0.5471153228809532,0.16808997942331813,20.45296758770571,1.0
8,gluconate,Carbohydrate,"Nucleotide sugars, pentose metabolism",0.23660645852784673,0.24661228902854163,0.22404946463066913,0.24990899890407653,0.2002711506354395,0.21675885510998333,0.2368272755146042,0.2260385983797894,1.0,0.13812314110895454,9.32673828450319,1.0
9,pyroglutamylvaline,Peptide,Dipeptide,0.20100024915610853,0.21026063862578306,0.21838454163057722,0.21217122545333905,0.2125077203463056,0.21663204439480868,0.2125960832694489,0.20439602723310377,0.11910320120189528,0.24130441086611132,2.236707602169746,0.0
10,1-palmitoyl-GPC (16:0),Lipid,Lysophospholipid,0.19151287148151086,0.17582494876825486,0.2179964417782665,0.17659358442011674,0.2114063871174077,0.17608511800572105,0.1624813189531494,0.18657303617272786,0.8547067812062612,0.14257693406946023,5.635812408002649,0.0
11,tryptophylalanine,Peptide,Dipeptide,0.19992949086344888,0.21565310991193581,0.2171187828688441,0.21642840765518104,0.2029886823254836,0.21021766748296433,0.22305654582371634,0.19639925289061969,0.11910320120189528,0.47889666310108875,0.6657514057659517,0.0
12,2-arachidonoyl glycerol,Lipid,Monoacylglycerol,0.24509475256920163,0.24814338299272773,0.21660567804528705,0.24716928666966617,0.2468624310487547,0.21230523270649174,0.23494777687011864,0.22057814439937004,0.6151764962697587,0.5415463497764629,0.9622726835757796,1.0
13,p-cresol sulfate,Amino Acid,Phenylalanine and Tyrosine Metabolism,0.17738516847162047,0.16883603288050147,0.2134499649414712,0.17295007014510738,0.1479019571366155,0.15511345028687012,0.17036886480237276,0.18627239363513218,0.8547067812062612,0.09839416496405347,21.184183717675186,1.0
14,1-palmitoleoylglycerophosphoethanolamine,,,0.2060307205703258,0.20287036179392415,0.2131339116223746,0.20264059714736374,0.21826461741176387,0.20176687323870435,0.19530285236431466,0.21015954558305736,0.11910320120189528,0.27985974056584995,1.7319622231589034,0.0
15,laurylcarnitine,Lipid,Carnitine Metabolism,0.20515503917898625,0.1789116991290617,0.21201091566069133,0.17097262230093374,0.1815435107603865,0.1976969842946684,0.17658555511056964,0.2243472620422573,0.6557584395906365,0.5399455319114813,1.017191964875891,1.0
16,mead acid (20:3n9),Lipid,Long Chain Fatty Acid,0.19903118387533703,0.17527207395806652,0.21097105083220646,0.1712889039773594,0.20118904488457975,0.16739551637305541,0.20176400423972637,0.21985067346281217,0.6609820614558856,0.09635791809158854,8.886595342759371,1.0
17,N-acetylgalactosamine,Carbohydrate,Aminosugar Metabolism,0.20943907037362663,0.209114123730695,0.210297438388602,0.20116923839019163,0.2071147144977349,0.22314715904325627,0.22476064219390982,0.2050548025183772,0.11910320120189528,0.18580240635653325,3.179464882862949,1.0
18,pyruvate,Carbohydrate,"Glycolysis, Gluconeogenesis, and Pyruvate Metabolism",0.17475039563133735,0.17992692731599563,0.2099343537624486,0.17796902619950725,0.18688898651983543,0.1757527458354725,0.1814959567562514,0.16683161290818876,0.6439770407180553,0.42642790384300183,1.2462990574700723,1.0
19,maltotetraose,Carbohydrate,"Fructose, mannose, galactose, starch, and sucrose metabolism",0.22321952575993836,0.22295487439777162,0.20869921119897117,0.22172588496948484,0.20751549133759206,0.2407524055777496,0.18119197525303687,0.1906839504640601,0.8180541109698627,0.13079740780251622,9.19406646983102,1.0
20,7-alpha-hydroxy-3-oxo-4-cholestenoate (7-Hoca),Lipid,Sterol/Steroid,0.1553238710851288,0.20729784765300668,0.2056281147167898,0.20618321696983838,0.20946492563733624,0.16695940806737722,0.20455072092912094,0.1966712607706795,0.8193690049693748,0.11484731160846597,14.004707067855996,0.0
21,4-hydroxy-2-oxoglutaric acid,Lipid,"Fatty Acid, Dicarboxylate",0.1993133451341024,0.21841649388419682,0.2043410644972197,0.2166158689758466,0.20955201539503387,0.2122830327185823,0.21783498925213324,0.2044315756338988,0.11910320120189528,0.4915911546105948,0.6109595988426367,1.0
22,"cys-gly, oxidized",Amino Acid,Glutathione Metabolism,0.20133661750880344,0.20224285841010198,0.20428923624096829,0.2022284738214002,0.20144614172270037,0.21686417129974483,0.20985241163588006,0.20215936947973168,0.11910320120189528,0.3603854493560501,1.1880622315013676,0.0
23,1-dihomo-linoleoylglycerophosphocholine (20:2n6),,,0.18956561739232983,0.19515336726740087,0.20385251152271183,0.19744573030232532,0.20246360403073982,0.1936604598208496,0.2069315880276536,0.1998204312348744,0.20025553115810832,0.4633079926797081,0.9255468473932863,0.0
24,1-methylhistidine,Amino Acid,Histidine Metabolism,0.20641479444481162,0.20596923501183623,0.20219322786075383,0.20350467475714998,0.21053858294707145,0.2131186445919523,0.20081109559621668,0.24275738274110628,0.5340241663135457,0.5158288806393503,0.9906793123953358,0.0
25,octaethylene glycol,Xenobiotics,Chemical,0.19985161268924556,0.20142553566764282,0.20144468356061082,0.1989274600443599,0.20367145820960197,0.1788525420130399,0.18188125094846755,0.1918724599954147,0.20025553115810832,0.23504433170123037,1.9092631254067782,0.0
26,glutamine-isoleucine,Peptide,Dipeptide,0.2061475874600071,0.20180963201777444,0.20139185933898462,0.20246233273011643,0.21350531101140546,0.20774113570236186,0.20655973262776262,0.19669407621327628,0.11910320120189528,0.35963059231929706,1.2068567664255123,0.0
27,caffeine,Xenobiotics,Xanthine Metabolism,0.17827086913953433,0.21653982736887933,0.20097724338059345,0.2174001657219079,0.22247858359225028,0.21023588873920498,0.23104954698465674,0.22093630578780865,0.6151764962697587,0.46531888482026007,1.0717084631410374,0.0
28,homocarnosine,Peptide,Dipeptide Derivative,0.2039030134396643,0.2092863378733025,0.2002820834609861,0.21033388582619092,0.21374259597925507,0.1969783753659466,0.20977470173880264,0.21865499376663275,0.11910320120189528,0.45329723516652626,0.7632233485443568,1.0
29,N-acetylglycine,Amino acid,"Glycine, Serine and Threonine Metabolism",0.13154984064850322,0.2108813156770849,0.20011108944495512,0.20879180364905273,0.1607819824849109,0.149595725738949,0.1539355169801902,0.14950848653201285,0.739522580479474,0.19838351150612246,2.4386334462343373,0.0
30,6-sialyl-N-acetyllactosamine,Carbohydrate,Aminosugar Metabolism,0.20007443576942496,0.21369573672366166,0.19997718849640914,0.20947960648569056,0.21213332011824657,0.2194851888793444,0.2136209067006831,0.20903363563935282,0.11910320120189528,0.20232146865947928,2.656594554011715,0.0
31,inositol 1-phosphate (I1P),Lipid,Inositol Metabolism,0.1576384820852858,0.20829437665045428,0.19911542750874683,0.2054480842656661,0.19894457975147256,0.19487759994891402,0.1444313786366475,0.1538985733944307,0.8547067812062612,0.17815122114059037,3.898325703226378,1.0
32,stearoylcarnitine,Lipid,Carnitine Metabolism,0.18711703963589663,0.16058219285628003,0.19744717089513442,0.16147693670542834,0.22078021106765594,0.14052506938235215,0.17944859734651186,0.20686480092195972,0.8547067812062612,0.09499177758161557,8.594859480290992,0.0
33,2-stearoylglycerophosphoglycerol,,,0.19217672437152786,0.18382378611026914,0.19720026332064225,0.18451212153667185,0.19238600726796087,0.1942696289139188,0.1961376761043361,0.17783034877162093,0.20025553115810832,0.3012137683964351,1.4577891422972602,0.0
34,1-stearoyl-GPC (18:0),Lipid,Lysophospholipid,0.15053963477908813,0.2121076428543862,0.19713564448211984,0.2094333752276945,0.18749169207880947,0.18434162884808394,0.16671249565515117,0.14626718416708226,0.8547067812062612,0.15522664629260072,5.390808203938323,1.0
35,piperine,Xenobiotics,Food Component/Plant,0.1351783009469246,0.17247899091829472,0.1965879278582208,0.16899813737170014,0.17319378764294624,0.1677187119840425,0.19235764378679446,0.17854749047763102,0.5994722446935552,0.5149027235619005,1.0244637786844744,0.0
36,histamine,Amino acid,Histidine Metabolism,0.11669607204517397,0.1703891278499026,0.19416753656561367,0.16947850937018422,0.2217130297938105,0.12524548308318423,0.13390076834387832,0.21648690481698735,0.8442377081808493,0.6411879907233574,0.9270805343443351,1.0
37,heme2,,,0.2121354056613078,0.19378080822850388,0.19324469071986292,0.19311017537686817,0.19832277855851968,0.20689846900592818,0.20095725016299618,0.19266405874078002,0.11910320120189528,0.38255219037733806,1.0916379652986339,0.0
38,seryltyrosine,Peptide,Dipeptide,0.20123774036364142,0.19071261433568693,0.19255373234719844,0.1911912299369585,0.18919507667508967,0.19859593007059814,0.1978172363071596,0.21573685397436926,0.11910320120189528,0.3414050210465418,1.2956719719706273,0.0
39,"4-androsten-3beta,17beta-diol disulfate (1)",Lipid,Sterol/Steroid,0.08552075805354753,0.15689105063420775,0.19225345183610246,0.15663531000154085,0.1297248772956007,0.17726256500661128,0.1403619739589962,0.20658820572874814,0.8547067812062612,0.1334839110683137,7.8148308015763455,1.0
40,behenate (22:0),Lipid,Long Chain Fatty Acid,0.19419021733556238,0.1854324948389771,0.1920209770357348,0.17939946754561353,0.1756453494043801,0.1879703111328609,0.20580109074411235,0.1910464303426998,0.19894962569179606,0.5673288974999577,0.6344779992467595,1.0
41,acetylcholine,Lipid,Neurotransmitter,0.16066661147918004,0.18303997702416883,0.19088815154123384,0.18262634924785615,0.17613007911702488,0.15407369074528818,0.16132837362335756,0.1932810881049374,0.47773925549263585,0.14159320243098628,19.498727379688514,1.0
42,cystine,Amino acid,"Cysteine, methionine, SAM, taurine metabolism",0.1566916508651748,0.14897948109620085,0.19039606336623682,0.14621268361751744,0.17097331755737888,0.1747151569617455,0.15820983259776591,0.18487174236362397,0.8547067812062612,0.13864785234291552,7.508579241666612,1.0
43,glutamine-leucine,Peptide,Dipeptide,0.18930240963467268,0.18341991828190155,0.18856908625391855,0.182596637198769,0.17847002153138566,0.183485934683057,0.19616511790693122,0.19119683109512273,0.20025553115810832,0.3461766759990388,1.1360369036666425,0.0
44,adenosine 5'-diphosphate (ADP),Nucleotide,"Purine Metabolism, Adenine containing",0.17628150510514812,0.18317217359785454,0.184808170470225,0.177100027972207,0.17482556813941688,0.17588003156516555,0.1816083654826887,0.20760283230323004,0.5235538092119625,0.5385975200131806,1.0330169965828617,1.0
45,ribose 5-phosphate,Carbohydrate,"Nucleotide sugars, pentose metabolism",0.18844259244688574,0.19528643093928288,0.17828355159351134,0.1881919248077057,0.1683250843787632,0.1825037959168203,0.18483783299722115,0.1896652104068949,0.45941677260295083,0.36156507015220174,1.097278715373778,1.0
46,phenylacetylglutamine,Amino acid,Phenylalanine and Tyrosine Metabolism,0.17974602452096144,0.18733580711359646,0.1765959722436238,0.18762743950696723,0.21173242310952328,0.20179327802949382,0.2087993388605204,0.1408561190539275,0.8547067812062612,0.1067081273871436,17.0611848974192,1.0
47,gamma-glutamyltyrosine,Peptide,Gamma-glutamyl Amino Acid,0.1308792447917308,0.18219661302178414,0.17183055704731848,0.1762647255653325,0.19568169652919554,0.15954595798221807,0.1682372353999556,0.23707782710294742,0.7539209265893653,0.6069393121853482,0.7441974581629495,0.0
48,3-methylhistidine,Amino acid,Histidine Metabolism,0.2216769527163854,0.1523160389178318,0.17076799887656471,0.15598772881727588,0.15448507594256508,0.18221486611837084,0.14901007798964694,0.1831110745168468,0.8088999319439628,0.5418647200370014,0.9226432831398036,0.0
49,N-acetyl-aspartyl-glutamate (NAAG),Amino acid,Glutamate Metabolism,0.15649512611285857,0.18305564362375004,0.16987320059350575,0.18494676601947896,0.193969201109327,0.16552182816827746,0.1925687818390392,0.15788272794187216,0.8547067812062612,0.11850387204763142,52.213554735798034,0.0
50,4-vinylphenol sulfate,Xenobiotics,Benzoate Metabolism,0.14735836046637196,0.1710757249211763,0.1693652472180594,0.17310841575102112,0.16184727995458453,0.1686645603013404,0.17276271762366546,0.1681626955048488,0.1871643745907007,0.48564041722833845,0.9211182683775091,0.0
